review_type,recommended_action,pm_hub_client,pm_hub_client_id,pm_hub_client_codes,psa_ticket_id,psa_customer_id,psa_customer_name,ticket_status,ticket_priority,ticket_type,ticket_title,match_type,match_confidence,match_soft,ticket_url,review_decision,review_notes
rejected_id_name_mismatch,Review whether the PSA customer should alias to the PM Hub client; otherwise leave rejected.,Automated Telecom,322a59b7-e7b2-8141-8878-c95845f98c69,1064,127,1064,"Dialog Telecommunications, Inc.",,,,Contact Support: Cannot save company address in settings,blocked_client_code_id_match,,,https://psainternal.psarev.io/tickets/127/customers/1064,,
rejected_id_name_mismatch,Review whether the PSA customer should alias to the PM Hub client; otherwise leave rejected.,Automated Telecom,322a59b7-e7b2-8141-8878-c95845f98c69,1064,626,1064,"Dialog Telecommunications, Inc.",,,,Bypass token,blocked_client_code_id_match,,,https://psainternal.psarev.io/tickets/626/customers/1064,,
rejected_id_name_mismatch,Review whether the PSA customer should alias to the PM Hub client; otherwise leave rejected.,Automated Telecom,322a59b7-e7b2-8141-8878-c95845f98c69,1064,651,1064,"Dialog Telecommunications, Inc.",,,,Contact Support: Adding attachment feature not working,blocked_client_code_id_match,,,https://psainternal.psarev.io/tickets/651/customers/1064,,
rejected_id_name_mismatch,Review whether the PSA customer should alias to the PM Hub client; otherwise leave rejected.,Devera Technologies,358a59b7-e7b2-814c-a945-ef2011812ad4,21043,672,21043,Class 5 Technologies,,,,Contact Support: Customer Portal login page disappears,blocked_client_code_id_match,,,https://psainternal.psarev.io/tickets/672/customers/21043,,
rejected_id_name_mismatch,Review whether the PSA customer should alias to the PM Hub client; otherwise leave rejected.,Devera Technologies,358a59b7-e7b2-814c-a945-ef2011812ad4,21043,707,21043,Class 5 Technologies,,,,Contact Support: Closed accounts showing without inactive indicator,blocked_client_code_id_match,,,https://psainternal.psarev.io/tickets/707/customers/21043,,
rejected_id_name_mismatch,Review whether the PSA customer should alias to the PM Hub client; otherwise leave rejected.,Devera Technologies,358a59b7-e7b2-814c-a945-ef2011812ad4,21043,715,21043,Class 5 Technologies,,,,Contact Support: Account locked out after single login attempt,blocked_client_code_id_match,,,https://psainternal.psarev.io/tickets/715/customers/21043,,
rejected_id_name_mismatch,Review whether the PSA customer should alias to the PM Hub client; otherwise leave rejected.,Devera Technologies,358a59b7-e7b2-814c-a945-ef2011812ad4,21043,716,21043,Class 5 Technologies,,,,Contact Support: Task extending past business hours not displaying,blocked_client_code_id_match,,,https://psainternal.psarev.io/tickets/716/customers/21043,,
rejected_id_name_mismatch,Review whether the PSA customer should alias to the PM Hub client; otherwise leave rejected.,Devera Technologies,358a59b7-e7b2-814c-a945-ef2011812ad4,21043,782,21043,Class 5 Technologies,,,,Contact Support: Incomplete ticket information provided,blocked_client_code_id_match,,,https://psainternal.psarev.io/tickets/782/customers/21043,,
rejected_id_name_mismatch,Review whether the PSA customer should alias to the PM Hub client; otherwise leave rejected.,Devera Technologies,358a59b7-e7b2-814c-a945-ef2011812ad4,21043,783,21043,Class 5 Technologies,,,,"Contact Support: Template partially pulls, quote items missing",blocked_client_code_id_match,,,https://psainternal.psarev.io/tickets/783/customers/21043,,
rejected_id_name_mismatch,Review whether the PSA customer should alias to the PM Hub client; otherwise leave rejected.,Devera Technologies,358a59b7-e7b2-814c-a945-ef2011812ad4,21043,818,21043,Class 5 Technologies,,,,Ticket list does not allow for editing of time logs,blocked_client_code_id_match,,,https://psainternal.psarev.io/tickets/818/customers/21043,,
rejected_id_name_mismatch,Review whether the PSA customer should alias to the PM Hub client; otherwise leave rejected.,GuentherTech,31ea59b7-e7b2-81e2-bb2c-c42c0bdc3cc8,23021,40,23021,Orkestra,,,,Initial Setup and Administraion,blocked_client_code_id_match,,,https://psainternal.psarev.io/tickets/40/customers/23021,,
rejected_id_name_mismatch,Review whether the PSA customer should alias to the PM Hub client; otherwise leave rejected.,GuentherTech,31ea59b7-e7b2-81e2-bb2c-c42c0bdc3cc8,23021,41,23021,Orkestra,,,,Kickoff Call,blocked_client_code_id_match,,,https://psainternal.psarev.io/tickets/41/customers/23021,,
rejected_id_name_mismatch,Review whether the PSA customer should alias to the PM Hub client; otherwise leave rejected.,GuentherTech,31ea59b7-e7b2-81e2-bb2c-c42c0bdc3cc8,23021,42,23021,Orkestra,,,,Project Charter,blocked_client_code_id_match,,,https://psainternal.psarev.io/tickets/42/customers/23021,,
rejected_id_name_mismatch,Review whether the PSA customer should alias to the PM Hub client; otherwise leave rejected.,GuentherTech,31ea59b7-e7b2-81e2-bb2c-c42c0bdc3cc8,23021,396,23021,Orkestra,,,,Tax Setup,blocked_client_code_id_match,,,https://psainternal.psarev.io/tickets/396/customers/23021,,
rejected_id_name_mismatch,Review whether the PSA customer should alias to the PM Hub client; otherwise leave rejected.,GuentherTech,31ea59b7-e7b2-81e2-bb2c-c42c0bdc3cc8,23021,414,23021,Orkestra,,,,Product Catalog,blocked_client_code_id_match,,,https://psainternal.psarev.io/tickets/414/customers/23021,,
rejected_id_name_mismatch,Review whether the PSA customer should alias to the PM Hub client; otherwise leave rejected.,GuentherTech,31ea59b7-e7b2-81e2-bb2c-c42c0bdc3cc8,23021,415,23021,Orkestra,,,,Service Types,blocked_client_code_id_match,,,https://psainternal.psarev.io/tickets/415/customers/23021,,
rejected_id_name_mismatch,Review whether the PSA customer should alias to the PM Hub client; otherwise leave rejected.,GuentherTech,31ea59b7-e7b2-81e2-bb2c-c42c0bdc3cc8,23021,416,23021,Orkestra,,,,Usage Plans,blocked_client_code_id_match,,,https://psainternal.psarev.io/tickets/416/customers/23021,,
rejected_id_name_mismatch,Review whether the PSA customer should alias to the PM Hub client; otherwise leave rejected.,GuentherTech,31ea59b7-e7b2-81e2-bb2c-c42c0bdc3cc8,23021,417,23021,Orkestra,,,,Free Minutes,blocked_client_code_id_match,,,https://psainternal.psarev.io/tickets/417/customers/23021,,
rejected_id_name_mismatch,Review whether the PSA customer should alias to the PM Hub client; otherwise leave rejected.,GuentherTech,31ea59b7-e7b2-81e2-bb2c-c42c0bdc3cc8,23021,422,23021,Orkestra,,,,Bill Profiles,blocked_client_code_id_match,,,https://psainternal.psarev.io/tickets/422/customers/23021,,
rejected_id_name_mismatch,Review whether the PSA customer should alias to the PM Hub client; otherwise leave rejected.,GuentherTech,31ea59b7-e7b2-81e2-bb2c-c42c0bdc3cc8,23021,423,23021,Orkestra,,,,Bill Center,blocked_client_code_id_match,,,https://psainternal.psarev.io/tickets/423/customers/23021,,
rejected_id_name_mismatch,Review whether the PSA customer should alias to the PM Hub client; otherwise leave rejected.,GuentherTech,31ea59b7-e7b2-81e2-bb2c-c42c0bdc3cc8,23021,424,23021,Orkestra,,,,P1 Email Templates,blocked_client_code_id_match,,,https://psainternal.psarev.io/tickets/424/customers/23021,,
rejected_id_name_mismatch,Review whether the PSA customer should alias to the PM Hub client; otherwise leave rejected.,GuentherTech,31ea59b7-e7b2-81e2-bb2c-c42c0bdc3cc8,23021,427,23021,Orkestra,,,,Package / Product Groups,blocked_client_code_id_match,,,https://psainternal.psarev.io/tickets/427/customers/23021,,
rejected_id_name_mismatch,Review whether the PSA customer should alias to the PM Hub client; otherwise leave rejected.,GuentherTech,31ea59b7-e7b2-81e2-bb2c-c42c0bdc3cc8,23021,430,23021,Orkestra,,,,Collections,blocked_client_code_id_match,,,https://psainternal.psarev.io/tickets/430/customers/23021,,
rejected_id_name_mismatch,Review whether the PSA customer should alias to the PM Hub client; otherwise leave rejected.,GuentherTech,31ea59b7-e7b2-81e2-bb2c-c42c0bdc3cc8,23021,431,23021,Orkestra,,,,Custom Fields,blocked_client_code_id_match,,,https://psainternal.psarev.io/tickets/431/customers/23021,,
rejected_id_name_mismatch,Review whether the PSA customer should alias to the PM Hub client; otherwise leave rejected.,GuentherTech,31ea59b7-e7b2-81e2-bb2c-c42c0bdc3cc8,23021,432,23021,Orkestra,,,,Payments,blocked_client_code_id_match,,,https://psainternal.psarev.io/tickets/432/customers/23021,,
rejected_id_name_mismatch,Review whether the PSA customer should alias to the PM Hub client; otherwise leave rejected.,GuentherTech,31ea59b7-e7b2-81e2-bb2c-c42c0bdc3cc8,23021,636,23021,Orkestra,,,,First Round of Comparative,blocked_client_code_id_match,,,https://psainternal.psarev.io/tickets/636/customers/23021,,
rejected_id_name_mismatch,Review whether the PSA customer should alias to the PM Hub client; otherwise leave rejected.,GuentherTech,31ea59b7-e7b2-81e2-bb2c-c42c0bdc3cc8,23021,637,23021,Orkestra,,,,Activation,blocked_client_code_id_match,,,https://psainternal.psarev.io/tickets/637/customers/23021,,
rejected_id_name_mismatch,Review whether the PSA customer should alias to the PM Hub client; otherwise leave rejected.,GuentherTech,31ea59b7-e7b2-81e2-bb2c-c42c0bdc3cc8,23021,639,23021,Orkestra,,,,Bill Out Support,blocked_client_code_id_match,,,https://psainternal.psarev.io/tickets/639/customers/23021,,
rejected_id_name_mismatch,Review whether the PSA customer should alias to the PM Hub client; otherwise leave rejected.,GuentherTech,31ea59b7-e7b2-81e2-bb2c-c42c0bdc3cc8,23021,679,23021,Orkestra,,,,Bill Out Support,blocked_client_code_id_match,,,https://psainternal.psarev.io/tickets/679/customers/23021,,
rejected_id_name_mismatch,Review whether the PSA customer should alias to the PM Hub client; otherwise leave rejected.,GuentherTech,31ea59b7-e7b2-81e2-bb2c-c42c0bdc3cc8,23021,684,23021,Orkestra,,,,Kickoff,blocked_client_code_id_match,,,https://psainternal.psarev.io/tickets/684/customers/23021,,
rejected_id_name_mismatch,Review whether the PSA customer should alias to the PM Hub client; otherwise leave rejected.,GuentherTech,31ea59b7-e7b2-81e2-bb2c-c42c0bdc3cc8,23021,842,23021,Orkestra,,,,Training,blocked_client_code_id_match,,,https://psainternal.psarev.io/tickets/842/customers/23021,,
attached_ticket,Verify PM Hub client and PSA customer are the same customer; reject if not.,Automated Telecom,322a59b7-e7b2-8141-8878-c95845f98c69,1064,694,22953,Automated Telecom,New,High,Break/fix,"Contact Support: Gmail integration documentation needed, App Secret deprecated",exact-name,1,false,https://psainternal.psarev.io/tickets/694/customers/22953,,
attached_ticket,Verify PM Hub client and PSA customer are the same customer; reject if not.,Automated Telecom,322a59b7-e7b2-8141-8878-c95845f98c69,1064,735,22953,Automated Telecom,New,Medium,Break/fix,Ticket Error/Unable to Update,exact-name,1,false,https://psainternal.psarev.io/tickets/735/customers/22953,,
attached_ticket,Verify PM Hub client and PSA customer are the same customer; reject if not.,Automated Telecom,322a59b7-e7b2-8141-8878-c95845f98c69,1064,774,22953,Automated Telecom,New,Medium,Service Call,Unable to Connect GCalendar,exact-name,1,false,https://psainternal.psarev.io/tickets/774/customers/22953,,
attached_ticket,Verify PM Hub client and PSA customer are the same customer; reject if not.,Automated Telecom,322a59b7-e7b2-8141-8878-c95845f98c69,1064,780,22953,Automated Telecom,New,Medium,Service Call,Contact Support: Profile update erasing custom account number,exact-name,1,false,https://psainternal.psarev.io/tickets/780/customers/22953,,
attached_ticket,Verify PM Hub client and PSA customer are the same customer; reject if not.,Nevada Security Company,cae103a8-b3f0-4cbe-894c-44b5532fc9c6,22925,112,22925,Nevada Security Company,New,High,Break/fix,Contact Support: Image upload and customer address errors,client-code,1,false,https://psainternal.psarev.io/tickets/112/customers/22925,,
attached_ticket,Verify PM Hub client and PSA customer are the same customer; reject if not.,Nevada Security Company,cae103a8-b3f0-4cbe-894c-44b5532fc9c6,22925,119,22925,Nevada Security Company,New,High,Break/fix,Contact Support: Accept button appears on every login,client-code,1,false,https://psainternal.psarev.io/tickets/119/customers/22925,,
attached_ticket,Verify PM Hub client and PSA customer are the same customer; reject if not.,Nevada Security Company,cae103a8-b3f0-4cbe-894c-44b5532fc9c6,22925,121,22925,Nevada Security Company,New,Low,Tier 1 Support,Contact Support: Adjust billing amount on test account,client-code,1,false,https://psainternal.psarev.io/tickets/121/customers/22925,,
attached_ticket,Verify PM Hub client and PSA customer are the same customer; reject if not.,Nevada Security Company,cae103a8-b3f0-4cbe-894c-44b5532fc9c6,22925,775,22925,Nevada Security Company,New,Medium,Break/fix,Contact Support: Categories not appearing in product dropdown,client-code,1,false,https://psainternal.psarev.io/tickets/775/customers/22925,,
attached_ticket,Verify PM Hub client and PSA customer are the same customer; reject if not.,Nevada Security Company,cae103a8-b3f0-4cbe-894c-44b5532fc9c6,22925,790,22925,Nevada Security Company,New,High,Service Call,"Contact Support: Recurring payments failing, autopay enabled issue",client-code,1,false,https://psainternal.psarev.io/tickets/790/customers/22925,,
attached_ticket,Verify PM Hub client and PSA customer are the same customer; reject if not.,Novalera,30ca59b7-e7b2-8065-b213-da8260670da6,23007,126,23007,Novalera Incorporated,New,High,Break/fix,Contact Support: User creation failing with error message,client-code,1,false,https://psainternal.psarev.io/tickets/126/customers/23007,,
attached_ticket,Verify PM Hub client and PSA customer are the same customer; reject if not.,Popp Communications,322a59b7-e7b2-815e-8ecf-f373d1daef71,21754,737,23022,Popp Communications,New,Medium,Service Call,Wells Fargo Lockbox,exact-name,1,false,https://psainternal.psarev.io/tickets/737/customers/23022,,
attached_ticket,Verify PM Hub client and PSA customer are the same customer; reject if not.,Popp Communications,322a59b7-e7b2-815e-8ecf-f373d1daef71,21754,738,23022,Popp Communications,New,Medium,Service Call,Product Catalog,exact-name,1,false,https://psainternal.psarev.io/tickets/738/customers/23022,,
attached_ticket,Verify PM Hub client and PSA customer are the same customer; reject if not.,Popp Communications,322a59b7-e7b2-815e-8ecf-f373d1daef71,21754,739,23022,Popp Communications,New,Medium,Service Call,Service Types,exact-name,1,false,https://psainternal.psarev.io/tickets/739/customers/23022,,
attached_ticket,Verify PM Hub client and PSA customer are the same customer; reject if not.,Popp Communications,322a59b7-e7b2-815e-8ecf-f373d1daef71,21754,740,23022,Popp Communications,New,Medium,Service Call,Usage Plan Groups,exact-name,1,false,https://psainternal.psarev.io/tickets/740/customers/23022,,
attached_ticket,Verify PM Hub client and PSA customer are the same customer; reject if not.,Popp Communications,322a59b7-e7b2-815e-8ecf-f373d1daef71,21754,741,23022,Popp Communications,New,Medium,Service Call,Tax Mapping,exact-name,1,false,https://psainternal.psarev.io/tickets/741/customers/23022,,
attached_ticket,Verify PM Hub client and PSA customer are the same customer; reject if not.,Popp Communications,322a59b7-e7b2-815e-8ecf-f373d1daef71,21754,742,23022,Popp Communications,New,Medium,Service Call,Free Minutes,exact-name,1,false,https://psainternal.psarev.io/tickets/742/customers/23022,,
attached_ticket,Verify PM Hub client and PSA customer are the same customer; reject if not.,Popp Communications,322a59b7-e7b2-815e-8ecf-f373d1daef71,21754,743,23022,Popp Communications,New,Medium,Service Call,Bill Profiles,exact-name,1,false,https://psainternal.psarev.io/tickets/743/customers/23022,,
attached_ticket,Verify PM Hub client and PSA customer are the same customer; reject if not.,Popp Communications,322a59b7-e7b2-815e-8ecf-f373d1daef71,21754,744,23022,Popp Communications,New,Medium,Service Call,Email Templates,exact-name,1,false,https://psainternal.psarev.io/tickets/744/customers/23022,,
attached_ticket,Verify PM Hub client and PSA customer are the same customer; reject if not.,Popp Communications,322a59b7-e7b2-815e-8ecf-f373d1daef71,21754,745,23022,Popp Communications,New,Medium,Service Call,Packages & Product Groups,exact-name,1,false,https://psainternal.psarev.io/tickets/745/customers/23022,,
attached_ticket,Verify PM Hub client and PSA customer are the same customer; reject if not.,Popp Communications,322a59b7-e7b2-815e-8ecf-f373d1daef71,21754,746,23022,Popp Communications,New,Medium,Service Call,Collection Templates,exact-name,1,false,https://psainternal.psarev.io/tickets/746/customers/23022,,
attached_ticket,Verify PM Hub client and PSA customer are the same customer; reject if not.,Popp Communications,322a59b7-e7b2-815e-8ecf-f373d1daef71,21754,747,23022,Popp Communications,New,Medium,Service Call,Field Layouts,exact-name,1,false,https://psainternal.psarev.io/tickets/747/customers/23022,,
attached_ticket,Verify PM Hub client and PSA customer are the same customer; reject if not.,Popp Communications,322a59b7-e7b2-815e-8ecf-f373d1daef71,21754,748,23022,Popp Communications,New,Medium,Service Call,Payment Methods,exact-name,1,false,https://psainternal.psarev.io/tickets/748/customers/23022,,
attached_ticket,Verify PM Hub client and PSA customer are the same customer; reject if not.,Popp Communications,322a59b7-e7b2-815e-8ecf-f373d1daef71,21754,749,23022,Popp Communications,New,Medium,Service Call,Agents and Commissions,exact-name,1,false,https://psainternal.psarev.io/tickets/749/customers/23022,,
attached_ticket,Verify PM Hub client and PSA customer are the same customer; reject if not.,Popp Communications,322a59b7-e7b2-815e-8ecf-f373d1daef71,21754,750,23022,Popp Communications,New,Medium,Service Call,Users & Permissions Setup,exact-name,1,false,https://psainternal.psarev.io/tickets/750/customers/23022,,
attached_ticket,Verify PM Hub client and PSA customer are the same customer; reject if not.,Popp Communications,322a59b7-e7b2-815e-8ecf-f373d1daef71,21754,751,23022,Popp Communications,New,Medium,Service Call,Reports and Report Writer,exact-name,1,false,https://psainternal.psarev.io/tickets/751/customers/23022,,
attached_ticket,Verify PM Hub client and PSA customer are the same customer; reject if not.,Popp Communications,322a59b7-e7b2-815e-8ecf-f373d1daef71,21754,752,23022,Popp Communications,New,Medium,Service Call,Merchant Profile Setup,exact-name,1,false,https://psainternal.psarev.io/tickets/752/customers/23022,,
attached_ticket,Verify PM Hub client and PSA customer are the same customer; reject if not.,Popp Communications,322a59b7-e7b2-815e-8ecf-f373d1daef71,21754,753,23022,Popp Communications,New,Medium,Service Call,Processes,exact-name,1,false,https://psainternal.psarev.io/tickets/753/customers/23022,,
attached_ticket,Verify PM Hub client and PSA customer are the same customer; reject if not.,Popp Communications,322a59b7-e7b2-815e-8ecf-f373d1daef71,21754,756,23022,Popp Communications,New,Medium,Service Call,MetaSwitch CDR Importer,exact-name,1,false,https://psainternal.psarev.io/tickets/756/customers/23022,,
attached_ticket,Verify PM Hub client and PSA customer are the same customer; reject if not.,Popp Communications,322a59b7-e7b2-815e-8ecf-f373d1daef71,21754,757,23022,Popp Communications,New,Medium,Service Call,Initial Data Load,exact-name,1,false,https://psainternal.psarev.io/tickets/757/customers/23022,,
attached_ticket,Verify PM Hub client and PSA customer are the same customer; reject if not.,Sterling Security Systems,8cd8990f-f0a7-412c-9813-6831795fa4d0,22924,695,22924,Sterling Security Systems,New,High,Break/fix,"Contact Support: Cannot click into tickets, error displayed",client-code,1,false,https://psainternal.psarev.io/tickets/695/customers/22924,,
unmatched_ticket_sample,"Identify the correct PM Hub client, or leave unmatched if outside PM Hub scope.",,,,667,,---,New,High,Break/fix,Contact Support: Purchasing tab missing for billing clients,unmatched,,,,,
unmatched_ticket_sample,"Identify the correct PM Hub client, or leave unmatched if outside PM Hub scope.",,,,681,,---,New,High,Break/fix,Contact Support: Unable to set Closed status on customer accounts,unmatched,,,,,
unmatched_ticket_sample,"Identify the correct PM Hub client, or leave unmatched if outside PM Hub scope.",,,,682,,---,New,High,Break/fix,Contact Support: Task completion clears assigned field unexpectedly,unmatched,,,,,
unmatched_ticket_sample,"Identify the correct PM Hub client, or leave unmatched if outside PM Hub scope.",,,,683,,---,New,High,Break/fix,Contact Support: Multiple users getting wrong ticket numbers,unmatched,,,,,
unmatched_ticket_sample,"Identify the correct PM Hub client, or leave unmatched if outside PM Hub scope.",,,,687,,---,New,High,Break/fix,Contact Support: Password reset email not received,unmatched,,,,,
unmatched_ticket_sample,"Identify the correct PM Hub client, or leave unmatched if outside PM Hub scope.",,,,688,,---,New,High,Break/fix,Contact Support: Status update requires note or attachment field,unmatched,,,,,
unmatched_ticket_sample,"Identify the correct PM Hub client, or leave unmatched if outside PM Hub scope.",,,,693,,---,New,Medium,Break/fix,Contact Support: Message marking feature not working,unmatched,,,,,
unmatched_ticket_sample,"Identify the correct PM Hub client, or leave unmatched if outside PM Hub scope.",,,,699,,---,New,High,Break/fix,Contact Support: Customer and inventory sync issue with QuickBooks,unmatched,,,,,
unmatched_ticket_sample,"Identify the correct PM Hub client, or leave unmatched if outside PM Hub scope.",,,,700,,---,New,High,Break/fix,Contact Support: Voided tickets remain linked after merge,unmatched,,,,,
unmatched_ticket_sample,"Identify the correct PM Hub client, or leave unmatched if outside PM Hub scope.",,,,701,,---,New,Medium,Feature Request,Contact Support: Create additional users,unmatched,,,,,
unmatched_ticket_sample,"Identify the correct PM Hub client, or leave unmatched if outside PM Hub scope.",,,,702,,---,New,Low,Tier 1 Support,Contact Support: Cannot summarize empty ticket,unmatched,,,,,
unmatched_ticket_sample,"Identify the correct PM Hub client, or leave unmatched if outside PM Hub scope.",,,,705,,---,New,Medium,Break/fix,Contact Support: Membership cancellation requested effective 3/31/2026,unmatched,,,,,
unmatched_ticket_sample,"Identify the correct PM Hub client, or leave unmatched if outside PM Hub scope.",,,,709,,---,New,High,Break/fix,Contact Support: Timesheet not loading for Trifecta,unmatched,,,,,
unmatched_ticket_sample,"Identify the correct PM Hub client, or leave unmatched if outside PM Hub scope.",,,,732,,---,New,Medium,Break/fix,Contact Support: Closed and void status tickets not displaying,unmatched,,,,,
unmatched_ticket_sample,"Identify the correct PM Hub client, or leave unmatched if outside PM Hub scope.",,,,734,,---,New,Low,Break/fix,Contact Support: Test message for queue routing,unmatched,,,,,
unmatched_ticket_sample,"Identify the correct PM Hub client, or leave unmatched if outside PM Hub scope.",,,,769,,---,New,Medium,Break/fix,Contact Support: API documentation access needed for billing automation,unmatched,,,,,
unmatched_ticket_sample,"Identify the correct PM Hub client, or leave unmatched if outside PM Hub scope.",,,,770,,---,New,Medium,Break/fix,Contact Support: Xerox XPPS API documentation lacks charge structure details,unmatched,,,,,
unmatched_ticket_sample,"Identify the correct PM Hub client, or leave unmatched if outside PM Hub scope.",,,,771,,---,New,Low,Break/fix,Contact Support: NinjaOne integration response URL documentation needed,unmatched,,,,,
unmatched_ticket_sample,"Identify the correct PM Hub client, or leave unmatched if outside PM Hub scope.",,,,772,,---,New,Medium,Break/fix,Contact Support: Symbols not translating correctly in emails,unmatched,,,,,
unmatched_ticket_sample,"Identify the correct PM Hub client, or leave unmatched if outside PM Hub scope.",,,,777,,---,New,High,Break/fix,"Contact Support: Portal access unavailable, password reset email failing",unmatched,,,,,
unmatched_ticket_sample,"Identify the correct PM Hub client, or leave unmatched if outside PM Hub scope.",,,,779,,---,New,High,Break/fix,Contact Support: Global admin permissions not applying correctly,unmatched,,,,,
unmatched_ticket_sample,"Identify the correct PM Hub client, or leave unmatched if outside PM Hub scope.",,,,781,,---,New,Medium,Service Call,Contact Support: User group save functionality failed,unmatched,,,,,
unmatched_ticket_sample,"Identify the correct PM Hub client, or leave unmatched if outside PM Hub scope.",,,,784,,---,New,Low,Service Call,Contact Support: Duplicate manufacturer part number to UPC field,unmatched,,,,,
unmatched_ticket_sample,"Identify the correct PM Hub client, or leave unmatched if outside PM Hub scope.",,,,787,,---,New,Medium,Service Call,Contact Support: Note cannot be closed when opened,unmatched,,,,,
unmatched_ticket_sample,"Identify the correct PM Hub client, or leave unmatched if outside PM Hub scope.",,,,789,,---,New,Medium,Service Call,Contact Support: Unable to save ticket as read error,unmatched,,,,,
unmatched_ticket_sample,"Identify the correct PM Hub client, or leave unmatched if outside PM Hub scope.",,,,792,,---,New,Medium,Service Call,Contact Support: Tax calculation feature throwing error message,unmatched,,,,,
unmatched_ticket_sample,"Identify the correct PM Hub client, or leave unmatched if outside PM Hub scope.",,,,793,,---,New,Medium,Service Call,Contact Support: Calendar items not appearing in web or app,unmatched,,,,,
unmatched_ticket_sample,"Identify the correct PM Hub client, or leave unmatched if outside PM Hub scope.",,,,794,,---,New,Low,Service Call,Contact Support: Change quote title after creation,unmatched,,,,,
unmatched_ticket_sample,"Identify the correct PM Hub client, or leave unmatched if outside PM Hub scope.",,,,674,23020,*Internal Rev.io,New,High,Break/fix,Contact Support: User unable to edit projects after troubleshooting,unmatched,,,https://psainternal.psarev.io/tickets/674/customers/23020,,
unmatched_ticket_sample,"Identify the correct PM Hub client, or leave unmatched if outside PM Hub scope.",,,,704,23020,*Internal Rev.io,New,High,Break/fix,Contact Support: Invoice save button not responding,unmatched,,,https://psainternal.psarev.io/tickets/704/customers/23020,,
unmatched_ticket_sample,"Identify the correct PM Hub client, or leave unmatched if outside PM Hub scope.",,,,795,23020,*Internal Rev.io,New,Medium,Tier 1 Support,Simon API Integration Test,unmatched,,,https://psainternal.psarev.io/tickets/795/customers/23020,,
unmatched_ticket_sample,"Identify the correct PM Hub client, or leave unmatched if outside PM Hub scope.",,,,799,23020,*Internal Rev.io,New,Medium,Service Call,Testing Email on Ticket,unmatched,,,https://psainternal.psarev.io/tickets/799/customers/23020,,
unmatched_ticket_sample,"Identify the correct PM Hub client, or leave unmatched if outside PM Hub scope.",,,,800,23020,*Internal Rev.io,New,Medium,Service Call,Test email on ticket again,unmatched,,,https://psainternal.psarev.io/tickets/800/customers/23020,,
unmatched_ticket_sample,"Identify the correct PM Hub client, or leave unmatched if outside PM Hub scope.",,,,834,23020,*Internal Rev.io,New,Medium,Service Call,[Product Fruits] New feedback has arrived!,unmatched,,,https://psainternal.psarev.io/tickets/834/customers/23020,,
unmatched_ticket_sample,"Identify the correct PM Hub client, or leave unmatched if outside PM Hub scope.",,,,843,23020,*Internal Rev.io,New,Medium,Break/fix,Bug -  Bulk Upload - Products,unmatched,,,https://psainternal.psarev.io/tickets/843/customers/23020,,
unmatched_ticket_sample,"Identify the correct PM Hub client, or leave unmatched if outside PM Hub scope.",,,,844,23020,*Internal Rev.io,New,Medium,Break/fix,AhelioTech ticket data cleanup — apply psaupdates corrections to PSA ticket tables,unmatched,,,https://psainternal.psarev.io/tickets/844/customers/23020,,
unmatched_ticket_sample,"Identify the correct PM Hub client, or leave unmatched if outside PM Hub scope.",,,,788,20055,"4Voice, LLC",New,Medium,Service Call,Contact Support: Duplicate login name creation error,unmatched,,,https://psainternal.psarev.io/tickets/788/customers/20055,,
unmatched_ticket_sample,"Identify the correct PM Hub client, or leave unmatched if outside PM Hub scope.",,,,805,20055,"4Voice, LLC",New,Medium,Service Call,Contact Support: Custom Quote template product sync issue,unmatched,,,https://psainternal.psarev.io/tickets/805/customers/20055,,
unmatched_ticket_sample,"Identify the correct PM Hub client, or leave unmatched if outside PM Hub scope.",,,,708,22869,Bard Locksmith & Security,New,Medium,Break/fix,Contact Support: Custom fields not appearing in client assets,unmatched,,,https://psainternal.psarev.io/tickets/708/customers/22869,,
unmatched_ticket_sample,"Identify the correct PM Hub client, or leave unmatched if outside PM Hub scope.",,,,671,1490,Blueline Telecom,Pending,High,Break/fix,Contact Support: Adding prospect causes 403 error,unmatched,,,https://psainternal.psarev.io/tickets/671/customers/1490,,
unmatched_ticket_sample,"Identify the correct PM Hub client, or leave unmatched if outside PM Hub scope.",,,,675,21983,"Bridge Communications, LLC",New,Low,Feature Request,Contact Support: Assign Infrastructure tag to sales bill customers,unmatched,,,https://psainternal.psarev.io/tickets/675/customers/21983,,
unmatched_ticket_sample,"Identify the correct PM Hub client, or leave unmatched if outside PM Hub scope.",,,,804,21983,"Bridge Communications, LLC",New,Low,Service Call,Contact Support: Sequential quote numbers instead of long references,unmatched,,,https://psainternal.psarev.io/tickets/804/customers/21983,,
unmatched_ticket_sample,"Identify the correct PM Hub client, or leave unmatched if outside PM Hub scope.",,,,816,21983,"Bridge Communications, LLC",Open,Medium,Service Call,Contact Support: Analytics dashboard access broken showing error,unmatched,,,https://psainternal.psarev.io/tickets/816/customers/21983,,
unmatched_ticket_sample,"Identify the correct PM Hub client, or leave unmatched if outside PM Hub scope.",,,,830,1111,"Bullfrog Group, LLC",New,High,Service Call,Accepted attachment types,unmatched,,,https://psainternal.psarev.io/tickets/830/customers/1111,,
unmatched_ticket_sample,"Identify the correct PM Hub client, or leave unmatched if outside PM Hub scope.",,,,831,1111,"Bullfrog Group, LLC",Pending,Medium,Service Call,Emails not translating apostrophes,unmatched,,,https://psainternal.psarev.io/tickets/831/customers/1111,,
unmatched_ticket_sample,"Identify the correct PM Hub client, or leave unmatched if outside PM Hub scope.",,,,685,1237,CallSprout,New,High,Break/fix,"Contact Support: Billing period closed, invoice reversal blocked",unmatched,,,https://psainternal.psarev.io/tickets/685/customers/1237,,
unmatched_ticket_sample,"Identify the correct PM Hub client, or leave unmatched if outside PM Hub scope.",,,,698,1237,CallSprout,New,High,Break/fix,Contact Support: Prevent invoicing closed accounts with no charges,unmatched,,,https://psainternal.psarev.io/tickets/698/customers/1237,,
unmatched_ticket_sample,"Identify the correct PM Hub client, or leave unmatched if outside PM Hub scope.",,,,791,1237,CallSprout,New,Medium,Service Call,Contact Support: Unable to add products to quote,unmatched,,,https://psainternal.psarev.io/tickets/791/customers/1237,,
unmatched_ticket_sample,"Identify the correct PM Hub client, or leave unmatched if outside PM Hub scope.",,,,706,22890,Canitan LLC,New,Medium,Break/fix,Contact Support: Progress bars not accounting for time logs,unmatched,,,https://psainternal.psarev.io/tickets/706/customers/22890,,
unmatched_ticket_sample,"Identify the correct PM Hub client, or leave unmatched if outside PM Hub scope.",,,,672,21043,Class 5 Technologies,New,High,Break/fix,Contact Support: Customer Portal login page disappears,unmatched,,,https://psainternal.psarev.io/tickets/672/customers/21043,,
unmatched_ticket_sample,"Identify the correct PM Hub client, or leave unmatched if outside PM Hub scope.",,,,707,21043,Class 5 Technologies,New,Medium,Break/fix,Contact Support: Closed accounts showing without inactive indicator,unmatched,,,https://psainternal.psarev.io/tickets/707/customers/21043,,
unmatched_ticket_sample,"Identify the correct PM Hub client, or leave unmatched if outside PM Hub scope.",,,,715,21043,Class 5 Technologies,New,High,Break/fix,Contact Support: Account locked out after single login attempt,unmatched,,,https://psainternal.psarev.io/tickets/715/customers/21043,,
unmatched_ticket_sample,"Identify the correct PM Hub client, or leave unmatched if outside PM Hub scope.",,,,716,21043,Class 5 Technologies,New,High,Break/fix,Contact Support: Task extending past business hours not displaying,unmatched,,,https://psainternal.psarev.io/tickets/716/customers/21043,,
unmatched_ticket_sample,"Identify the correct PM Hub client, or leave unmatched if outside PM Hub scope.",,,,782,21043,Class 5 Technologies,New,Low,Service Call,Contact Support: Incomplete ticket information provided,unmatched,,,https://psainternal.psarev.io/tickets/782/customers/21043,,
unmatched_ticket_sample,"Identify the correct PM Hub client, or leave unmatched if outside PM Hub scope.",,,,783,21043,Class 5 Technologies,New,Medium,Service Call,"Contact Support: Template partially pulls, quote items missing",unmatched,,,https://psainternal.psarev.io/tickets/783/customers/21043,,
unmatched_ticket_sample,"Identify the correct PM Hub client, or leave unmatched if outside PM Hub scope.",,,,818,21043,Class 5 Technologies,Pending,Medium,Tier 1 Support,Ticket list does not allow for editing of time logs,unmatched,,,https://psainternal.psarev.io/tickets/818/customers/21043,,
unmatched_ticket_sample,"Identify the correct PM Hub client, or leave unmatched if outside PM Hub scope.",,,,761,23023,Double Eagle,New,Medium,Onboarding,Client Set Up,unmatched,,,https://psainternal.psarev.io/tickets/761/customers/23023,,
unmatched_ticket_sample,"Identify the correct PM Hub client, or leave unmatched if outside PM Hub scope.",,,,765,23023,Double Eagle,Open,High,Onboarding,Project Charter ,unmatched,,,https://psainternal.psarev.io/tickets/765/customers/23023,,
unmatched_ticket_sample,"Identify the correct PM Hub client, or leave unmatched if outside PM Hub scope.",,,,766,23023,Double Eagle,Pending,Medium,Onboarding,Product Catalog ,unmatched,,,https://psainternal.psarev.io/tickets/766/customers/23023,,
unmatched_ticket_sample,"Identify the correct PM Hub client, or leave unmatched if outside PM Hub scope.",,,,773,23023,Double Eagle,New,Medium,Onboarding,Activaton Prep ,unmatched,,,https://psainternal.psarev.io/tickets/773/customers/23023,,
unmatched_ticket_sample,"Identify the correct PM Hub client, or leave unmatched if outside PM Hub scope.",,,,676,22411,Duffie's Copier Consultants LLC,New,High,Break/fix,Contact Support: Ticket creation error with typo message,unmatched,,,https://psainternal.psarev.io/tickets/676/customers/22411,,
unmatched_ticket_sample,"Identify the correct PM Hub client, or leave unmatched if outside PM Hub scope.",,,,673,23026,Exabar Telecom,New,Medium,Service Call,Client Set Up,unmatched,,,https://psainternal.psarev.io/tickets/673/customers/23026,,
unmatched_ticket_sample,"Identify the correct PM Hub client, or leave unmatched if outside PM Hub scope.",,,,762,23026,Exabar Telecom,New,Medium,Onboarding,Client Set Up,unmatched,,,https://psainternal.psarev.io/tickets/762/customers/23026,,
unmatched_ticket_sample,"Identify the correct PM Hub client, or leave unmatched if outside PM Hub scope.",,,,669,22981,Hawkeye Alarm,Pending,High,Break/fix,Contact Support: 403 Forbidden error accessing customers section,unmatched,,,https://psainternal.psarev.io/tickets/669/customers/22981,,
unmatched_ticket_sample,"Identify the correct PM Hub client, or leave unmatched if outside PM Hub scope.",,,,678,22895,Integrity Sound,New,High,Service Call,Google Calendar Duplicating ,unmatched,,,https://psainternal.psarev.io/tickets/678/customers/22895,,
unmatched_ticket_sample,"Identify the correct PM Hub client, or leave unmatched if outside PM Hub scope.",,,,710,23030,Louisville Tech,Open,Medium,Onboarding,Bandwidth API Importer,unmatched,,,https://psainternal.psarev.io/tickets/710/customers/23030,,
unmatched_ticket_sample,"Identify the correct PM Hub client, or leave unmatched if outside PM Hub scope.",,,,720,23030,Louisville Tech,Open,Medium,Onboarding,Usage Plans,unmatched,,,https://psainternal.psarev.io/tickets/720/customers/23030,,
unmatched_ticket_sample,"Identify the correct PM Hub client, or leave unmatched if outside PM Hub scope.",,,,721,23030,Louisville Tech,Open,Medium,Service Call,Service Types,unmatched,,,https://psainternal.psarev.io/tickets/721/customers/23030,,
unmatched_ticket_sample,"Identify the correct PM Hub client, or leave unmatched if outside PM Hub scope.",,,,722,23030,Louisville Tech,Open,Medium,Service Call,Package/Product Groups,unmatched,,,https://psainternal.psarev.io/tickets/722/customers/23030,,
unmatched_ticket_sample,"Identify the correct PM Hub client, or leave unmatched if outside PM Hub scope.",,,,723,23030,Louisville Tech,Open,Medium,Service Call,Free Minutes,unmatched,,,https://psainternal.psarev.io/tickets/723/customers/23030,,
unmatched_ticket_sample,"Identify the correct PM Hub client, or leave unmatched if outside PM Hub scope.",,,,725,23030,Louisville Tech,New,Medium,Onboarding,Collections,unmatched,,,https://psainternal.psarev.io/tickets/725/customers/23030,,
unmatched_ticket_sample,"Identify the correct PM Hub client, or leave unmatched if outside PM Hub scope.",,,,726,23030,Louisville Tech,Pending,Medium,Onboarding,Email Templates,unmatched,,,https://psainternal.psarev.io/tickets/726/customers/23030,,
unmatched_ticket_sample,"Identify the correct PM Hub client, or leave unmatched if outside PM Hub scope.",,,,727,23030,Louisville Tech,Pending,Medium,Onboarding,Inventory,unmatched,,,https://psainternal.psarev.io/tickets/727/customers/23030,,
unmatched_ticket_sample,"Identify the correct PM Hub client, or leave unmatched if outside PM Hub scope.",,,,728,23030,Louisville Tech,Pending,Medium,Onboarding,Reports,unmatched,,,https://psainternal.psarev.io/tickets/728/customers/23030,,
unmatched_ticket_sample,"Identify the correct PM Hub client, or leave unmatched if outside PM Hub scope.",,,,729,23030,Louisville Tech,New,Medium,Onboarding,Request Templates,unmatched,,,https://psainternal.psarev.io/tickets/729/customers/23030,,
unmatched_ticket_sample,"Identify the correct PM Hub client, or leave unmatched if outside PM Hub scope.",,,,764,23030,Louisville Tech,Open,Medium,Onboarding,Kick-Off,unmatched,,,https://psainternal.psarev.io/tickets/764/customers/23030,,
unmatched_ticket_sample,"Identify the correct PM Hub client, or leave unmatched if outside PM Hub scope.",,,,679,23021,Orkestra,New,Medium,Onboarding,Bill Out Support,unmatched,,,https://psainternal.psarev.io/tickets/679/customers/23021,,
unmatched_ticket_sample,"Identify the correct PM Hub client, or leave unmatched if outside PM Hub scope.",,,,684,23021,Orkestra,New,Medium,Onboarding,Kickoff,unmatched,,,https://psainternal.psarev.io/tickets/684/customers/23021,,
unmatched_ticket_sample,"Identify the correct PM Hub client, or leave unmatched if outside PM Hub scope.",,,,842,23021,Orkestra,New,Medium,Service Call,Training,unmatched,,,https://psainternal.psarev.io/tickets/842/customers/23021,,
unmatched_ticket_sample,"Identify the correct PM Hub client, or leave unmatched if outside PM Hub scope.",,,,670,22966,Premise Solutions,Pending,High,Break/fix,Contact Support: Access denied despite confirmed permissions granted,unmatched,,,https://psainternal.psarev.io/tickets/670/customers/22966,,
unmatched_ticket_sample,"Identify the correct PM Hub client, or leave unmatched if outside PM Hub scope.",,,,680,22966,Premise Solutions,New,High,Break/fix,Contact Support: Dispatch board not showing tasks for Judson,unmatched,,,https://psainternal.psarev.io/tickets/680/customers/22966,,
unmatched_ticket_sample,"Identify the correct PM Hub client, or leave unmatched if outside PM Hub scope.",,,,689,22966,Premise Solutions,New,High,Break/fix,Contact Support: Existing ticket 403 Forbidden access error,unmatched,,,https://psainternal.psarev.io/tickets/689/customers/22966,,
unmatched_ticket_sample,"Identify the correct PM Hub client, or leave unmatched if outside PM Hub scope.",,,,821,22966,Premise Solutions,Pending,Medium,Service Call,Contact Support: Calendar reconfiguration exceeds maximum call stack,unmatched,,,https://psainternal.psarev.io/tickets/821/customers/22966,,
unmatched_ticket_sample,"Identify the correct PM Hub client, or leave unmatched if outside PM Hub scope.",,,,714,1382,Stratus Telecom,New,Medium,Break/fix,Contact Support: RevIO PSA authentication ID and secret needed,unmatched,,,https://psainternal.psarev.io/tickets/714/customers/1382,,
unmatched_ticket_sample,"Identify the correct PM Hub client, or leave unmatched if outside PM Hub scope.",,,,841,23016,Sydewire Technologies,New,High,Service Call,Instance Not Loading,unmatched,,,https://psainternal.psarev.io/tickets/841/customers/23016,,
unmatched_ticket_sample,"Identify the correct PM Hub client, or leave unmatched if outside PM Hub scope.",,,,796,22976,Troy Security Systems,New,Low,Service Call,Contact Support: Test issue summary needed,unmatched,,,https://psainternal.psarev.io/tickets/796/customers/22976,,
unmatched_ticket_sample,"Identify the correct PM Hub client, or leave unmatched if outside PM Hub scope.",,,,797,22976,Troy Security Systems,New,Low,Service Call,Contact Support: UOM definition inquiry for products tab,unmatched,,,https://psainternal.psarev.io/tickets/797/customers/22976,,
unmatched_ticket_sample,"Identify the correct PM Hub client, or leave unmatched if outside PM Hub scope.",,,,785,22999,TrueLine Technologies,New,Medium,Service Call,Contact Support: Signed quote not converting to ticket,unmatched,,,https://psainternal.psarev.io/tickets/785/customers/22999,,
unmatched_ticket_sample,"Identify the correct PM Hub client, or leave unmatched if outside PM Hub scope.",,,,668,21971,Valhelio Tech,New,High,Break/fix,Contact Support: Revii integration failed for email notifications,unmatched,,,https://psainternal.psarev.io/tickets/668/customers/21971,,
unmatched_ticket_sample,"Identify the correct PM Hub client, or leave unmatched if outside PM Hub scope.",,,,677,21971,Valhelio Tech,New,High,Break/fix,Contact Support: Service Call tickets being created unexpectedly,unmatched,,,https://psainternal.psarev.io/tickets/677/customers/21971,,
unmatched_ticket_sample,"Identify the correct PM Hub client, or leave unmatched if outside PM Hub scope.",,,,686,21971,Valhelio Tech,New,High,Break/fix,Contact Support: Tickets not displaying despite verified permissions,unmatched,,,https://psainternal.psarev.io/tickets/686/customers/21971,,
unmatched_ticket_sample,"Identify the correct PM Hub client, or leave unmatched if outside PM Hub scope.",,,,692,21971,Valhelio Tech,New,High,Service Call,Contact Support: Note attributed to wrong staff member,unmatched,,,https://psainternal.psarev.io/tickets/692/customers/21971,,
unmatched_ticket_sample,"Identify the correct PM Hub client, or leave unmatched if outside PM Hub scope.",,,,696,21971,Valhelio Tech,New,High,Break/fix,Contact Support: Search filter not working for Asset Type,unmatched,,,https://psainternal.psarev.io/tickets/696/customers/21971,,
unmatched_ticket_sample,"Identify the correct PM Hub client, or leave unmatched if outside PM Hub scope.",,,,697,21971,Valhelio Tech,New,High,Break/fix,"Contact Support: Account locked, password reset email not received",unmatched,,,https://psainternal.psarev.io/tickets/697/customers/21971,,
unmatched_ticket_sample,"Identify the correct PM Hub client, or leave unmatched if outside PM Hub scope.",,,,712,21971,Valhelio Tech,New,Medium,Break/fix,Contact Support: Lead product duplicated in quote generation,unmatched,,,https://psainternal.psarev.io/tickets/712/customers/21971,,
unmatched_ticket_sample,"Identify the correct PM Hub client, or leave unmatched if outside PM Hub scope.",,,,713,21971,Valhelio Tech,New,Medium,Break/fix,"Contact Support: HTML conversion error, awaiting screenshot",unmatched,,,https://psainternal.psarev.io/tickets/713/customers/21971,,
unmatched_ticket_sample,"Identify the correct PM Hub client, or leave unmatched if outside PM Hub scope.",,,,776,21971,Valhelio Tech,New,Medium,Break/fix,Contact Support: Package rates showing incorrectly per product,unmatched,,,https://psainternal.psarev.io/tickets/776/customers/21971,,
unmatched_ticket_sample,"Identify the correct PM Hub client, or leave unmatched if outside PM Hub scope.",,,,778,21971,Valhelio Tech,New,Medium,Break/fix,Contact Support: Middle name displaying in user profile initials,unmatched,,,https://psainternal.psarev.io/tickets/778/customers/21971,,
unmatched_ticket_sample,"Identify the correct PM Hub client, or leave unmatched if outside PM Hub scope.",,,,786,21971,Valhelio Tech,New,Medium,Onboarding,Contact Support: User not receiving community invite email,unmatched,,,https://psainternal.psarev.io/tickets/786/customers/21971,,
unmatched_ticket_sample,"Identify the correct PM Hub client, or leave unmatched if outside PM Hub scope.",,,,835,21971,Valhelio Tech,Pending,Medium,Service Call,Error when emailing from ticket,unmatched,,,https://psainternal.psarev.io/tickets/835/customers/21971,,
